{
  "baseline": {
    "count": 4,
    "avg_processing_time": 2.490140974521637,
    "avg_center_distance": 381.9765599906138
  },
  "Object-Centric": {
    "count": 4,
    "avg_processing_time": 2.4957019090652466,
    "avg_center_distance": 453.19117339735897
  },
  "Two-Stage": {
    "count": 4,
    "avg_processing_time": 2.3614383339881897,
    "avg_center_distance": 496.5273486911054
  },
  "Contextual Awareness": {
    "count": 4,
    "avg_processing_time": 2.924022376537323,
    "avg_center_distance": 547.373231963189
  }
}