{
  "baseline": {
    "count": 2,
    "avg_processing_time": 2.776020646095276,
    "avg_center_distance": 529.0730245155507
  }
}