{
  "baseline": {
    "count": 2,
    "avg_processing_time": 2.5551220178604126,
    "avg_center_distance": 642.4882833622852
  },
  "Original": {
    "count": 2,
    "avg_processing_time": 2.7588170766830444,
    "avg_center_distance": 242.02921893128584
  }
}