{
  "baseline": {
    "count": 1,
    "avg_processing_time": 3.2406651973724365,
    "avg_center_distance": 917.1962712527783
  },
  "Object-Centric": {
    "count": 1,
    "avg_processing_time": 3.110909938812256,
    "avg_center_distance": 387.76926128820475
  },
  "Two-Stage": {
    "count": 1,
    "avg_processing_time": 2.922945976257324,
    "avg_center_distance": 698.1955313520705
  },
  "Contextual Awareness": {
    "count": 1,
    "avg_processing_time": 2.6370561122894287,
    "avg_center_distance": 296.05742686174926
  }
}