{
  "baseline": {
    "count": 2,
    "avg_processing_time": 3.334474563598633,
    "avg_center_distance": 604.3201873441838
  },
  "precise": {
    "count": 2,
    "avg_processing_time": 3.1559560298919678,
    "avg_center_distance": 524.660842830871
  }
}