{
  "baseline": {
    "count": 4,
    "avg_processing_time": 3.0538840889930725,
    "avg_center_distance": 414.81809918585265
  },
  "Object-Centric": {
    "count": 4,
    "avg_processing_time": 2.9826189279556274,
    "avg_center_distance": 665.6465773197363
  },
  "Two-Stage": {
    "count": 4,
    "avg_processing_time": 2.346313953399658,
    "avg_center_distance": 649.8137820092169
  },
  "Contextual Awareness": {
    "count": 4,
    "avg_processing_time": 2.743613064289093,
    "avg_center_distance": 561.7709475867069
  }
}