{
  "baseline": {
    "count": 4,
    "avg_processing_time": 10.631937265396118,
    "avg_center_distance": 153.01538370779787
  },
  "Object-Centric": {
    "count": 4,
    "avg_processing_time": 7.514988720417023,
    "avg_center_distance": 514.3793119430791
  },
  "Two-Stage": {
    "count": 4,
    "avg_processing_time": 6.892568588256836,
    "avg_center_distance": 545.9727479184061
  },
  "Contextual Awareness": {
    "count": 4,
    "avg_processing_time": 11.16300892829895,
    "avg_center_distance": 489.63433669021833
  }
}