{
  "baseline": {
    "count": 2,
    "avg_processing_time": 3.2639248371124268,
    "avg_center_distance": 509.1252590275842
  },
  "precise": {
    "count": 2,
    "avg_processing_time": 3.126421570777893,
    "avg_center_distance": 513.0
  }
}