{
  "baseline": {
    "count": 1,
    "avg_processing_time": 12.549164056777954,
    "avg_center_distance": 352.0184654247558
  },
  "Object-Centric": {
    "count": 1,
    "avg_processing_time": 6.810948848724365,
    "avg_center_distance": 419.4401029944562
  },
  "Two-Stage": {
    "count": 1,
    "avg_processing_time": 6.170685291290283,
    "avg_center_distance": 390.59057848340376
  },
  "Contextual Awareness": {
    "count": 1,
    "avg_processing_time": 5.746923923492432,
    "avg_center_distance": 433.3832022586939
  }
}