{
  "baseline": {
    "count": 2,
    "avg_processing_time": 2.566309094429016,
    "avg_center_distance": 596.9141179698254
  }
}