{
  "baseline": {
    "count": 4,
    "avg_processing_time": 2.5366705656051636,
    "avg_center_distance": 474.34166282218996
  },
  "Object-Centric": {
    "count": 4,
    "avg_processing_time": 2.442546784877777,
    "avg_center_distance": 645.4014079184883
  },
  "Two-Stage": {
    "count": 4,
    "avg_processing_time": 2.6980207562446594,
    "avg_center_distance": 580.4488374492337
  },
  "Contextual Awareness": {
    "count": 4,
    "avg_processing_time": 2.408604919910431,
    "avg_center_distance": 493.7267299398937
  }
}