{
  "baseline": {
    "count": 1,
    "avg_processing_time": 2.8227169513702393,
    "avg_center_distance": 760.3157238936993
  },
  "Object-Centric": {
    "count": 1,
    "avg_processing_time": 2.5310590267181396,
    "avg_center_distance": 381.0406802429368
  },
  "Two-Stage": {
    "count": 1,
    "avg_processing_time": 2.512136936187744,
    "avg_center_distance": 340.3248448174185
  },
  "Contextual Awareness": {
    "count": 1,
    "avg_processing_time": 2.59826397895813,
    "avg_center_distance": 329.21877224727024
  }
}