{
  "baseline": {
    "count": 2,
    "avg_processing_time": 2.7443814277648926,
    "avg_center_distance": 642.4882833622852
  }
}