{
  "baseline": {
    "count": 2,
    "avg_processing_time": 6.290674090385437,
    "avg_center_distance": 611.7760538105192
  },
  "Object-Centric": {
    "count": 2,
    "avg_processing_time": 2.8015763759613037,
    "avg_center_distance": 762.3415055651651
  },
  "Two-Stage": {
    "count": 2,
    "avg_processing_time": 3.227179527282715,
    "avg_center_distance": 789.1072600264683
  },
  "Contextual Awareness": {
    "count": 2,
    "avg_processing_time": 2.507368326187134,
    "avg_center_distance": 773.9863973847703
  }
}